CATEGORY,AL,AR,AZ,CA,CO,CT,DE,FL,GA,HI,IA,ID,IL,IN,KS,KY,MA,MD,ME,MI,MN,MO,MS,MT,NC,ND,NE,NH,NJ,NM,NV,NY,OH,OK,OR,PA,RI,SC,SD,TN,TX,UT,VA,VT,WA,WI,WV,WY
TRAIN CASES SCORES,0.9425356604043909,0.9413618202306392,0.9597042957648811,0.948459853551556,0.9761235937012527,0.9892007893752194,0.9649336948901959,0.9872841491127804,0.9670025973525902,0.999735743641937,0.9400720437716155,0.9926912720785096,0.965029169149552,0.979976195210337,0.958581532319024,0.9615787032001567,0.989474129007365,0.9504908486883782,0.9505863763759516,0.9967793020499939,0.8798240516690793,0.9889195244556449,0.9482955037516162,0.9964461988160316,0.9224286774437195,0.908246678404361,0.9025473676041791,0.9647100944211523,0.9974781978705486,0.9581393529978063,0.9821019232612198,0.9981521486745996,0.9677258071153239,0.9653168775679957,0.9804807243974301,0.9870970076337612,0.9724756430175211,0.9696185292240128,0.9848271493955597,0.9699184573122582,0.95187909533517,0.9613425023416563,0.9292287280069083,0.9996295453818307,0.9894826052509595,0.9387851638133089,0.906220655379924,0.9781602526117311
TRAIN DEATHS SCORES,0.9559820729062144,0.9711935454903122,0.9440359269394683,0.9621071145350418,0.9556149662059725,0.982563850840629,0.9558198720088465,0.9735135812211136,0.9300181389532156,1.0,0.9127293355923368,0.9770876769199129,0.9544445670795655,0.9788084361935082,0.9917912034741143,0.9736008856260934,0.9779890670238288,0.9575496693726668,0.9728913015584769,0.9937419497585888,0.9545883464694176,0.9542555839898957,0.9273237402470096,0.9963530322496679,0.9397176204236268,0.9228283969580824,0.9352596617870851,0.9045011281170083,0.9921667120408091,0.9222458169214867,0.9812333720358636,0.9984175908403379,0.9412789625347877,0.980632636385321,0.9920332502586361,0.9658682211755123,0.9395767332818954,0.9744422856204742,0.9438541325031352,0.9611642357238436,0.9512114545859836,0.9392289982017233,0.9554288212568547,0.9994507921763042,0.9948005018498806,0.9839830514145798,0.9374438392270192,0.8995959008608743
TEST CASES SCORES,0.9386566995118475,0.9012876073782309,0.9295277461198845,0.9854628020936532,0.9759985787353406,0.988403186353233,0.9585657342948144,0.9891108026541423,0.9682496505809395,0.9997656488972898,0.946969282119741,0.9884229691009037,0.9704052406281082,0.978225174971013,0.9789198736824836,0.9353510179208607,0.9873625636657397,0.9573253131626959,0.9196024541121094,0.9960495182154697,0.8754981949376173,0.9810941238982709,0.9413166869272825,0.9981950545094468,0.946331553671447,0.9136633753853173,0.8795519253325124,0.9301662717852072,0.9973647857165028,0.9629738618156896,0.9764881022417846,0.9984398816492932,0.978743114545144,0.9354574914990096,0.9841570600287061,0.9900834604540475,0.977611537071561,0.9697697941076938,0.9702000716823754,0.968166319010607,0.9563077971878523,0.9760494979526365,0.928656853451974,0.9994199460408578,0.9882379896039677,0.9061847656379465,0.9249767940809559,0.9572296421032975
TEST DEATHS SCORES,0.9532688215781652,0.9632490343353745,0.9149551239236455,0.9857390740775586,0.9598370842464814,0.9825371100112154,0.9306872759145942,0.9725968579242665,0.9284828537366151,1.0,0.9213941571902903,0.9670366893469342,0.9637158650741349,0.9783476065681639,0.990900046798784,0.9604160244586558,0.9677774802348207,0.9572526260772174,0.9565465746567263,0.9938420957024521,0.9410875253645301,0.8819367164526066,0.9282127530915076,0.9946924021759004,0.9346386672548926,0.9289245841718972,0.9586725003544379,0.8306156031304294,0.9934107747231237,0.9178906371414656,0.9810821336968182,0.9981549355534453,0.9526894837931543,0.9701869866314131,0.9901440179710274,0.9739595662661374,0.9393029996308039,0.9760565056681001,0.8953350090971266,0.9661949309112868,0.9480766521068584,0.9661112220030941,0.9541096070503814,0.9989603485033448,0.9953663585960187,0.9736816655756874,0.9618149150808121,0.906423638084601
TOP CASES WEIGHT #1,"('DEATHS_2018', 809.3390980988083)","('6_Rooms', -2369.2824466216766)","('Day', 230.22168913712608)","('Hispanic_Latino_Origin', 2456.435975177433)","('DEATHS_2018', 347024138455913.7)","('Population_80_84', 3780232513218846.5)","('PCT_HS_only', 8997576739348476.0)","('2+_Races', -1611.1334785593922)","('CENSUS_2010_POP', 54373.802797773395)","('Less_HS', 85298087554450.02)","('Not_Hispanic_White_Alone', -47056.80174998885)","('PCT_Poverty_Total', 82.66411070973396)","('CENSUS_2010_POP', -358565.750451968)","('POP_ESTIMATE_2018', -84493.926995429)","('Population_0_5', 3276.5080990721904)","('CENSUS_2010_POP', -136024.6332586953)","('Hispanic_Latino_Origin', 820.7263872459939)","('Day', 353.2863160124752)","('INTERNATIONAL_MIG_2018', 22.720178001022738)","('Population_35_39', 2773.21685418202)","('Population_50_54', 6594.227257207373)","('CENSUS_2010_POP', -44500.18314259963)","('Population_65_69', 953.203879792271)","('HS_only', 399939022444.51776)","('Population_0_18', 18652.698729657182)","('INTERNATIONAL_MIG_2018', 59.443294097830396)","('Poverty_Total', -2515.743787802564)","('Day', 54.85603024633364)","('1_Room', 1192.7923649567492)","('AmericanIndian_AlaskaNative_Alone', 188.3764990235486)","('Population_15_19', -671920362500669.0)","('Hispanic_Latino_Origin', 17385.529901616374)","('Population_40_44', -34088.60263840825)","('Poverty_Total', -2211.5334469006525)","('PacificIslander_Alone', 139.0451580732655)","('2_Rooms', -2340.227792027027)","('HS_only', -1.414542236434451e+16)","('PCT_Population_55_59', 220.48341913375788)","('Black_Alone', 198.3776898357994)","('POP_ESTIMATE_2018', -86706.44643380986)","('CENSUS_2010_POP', -131368.80836474666)","('PCT_Black_Alone', -115.10074379535843)","('POP_ESTIMATE_2018', 14322.464112910888)","('PCT_Population_55_59', -7.914248429574527)","('AmericanIndian_AlaskaNative_Alone', 428.3658770494627)","('BIRTHS_2018', 1799.867589626495)","('Less_HS', 130665942657311.75)","('PCT_AmericanIndian_AlaskaNative_Alone', 15.880979934385312)"
TOP CASES WEIGHT #2,"('4_Rooms', 807.9749407854163)","('8_Rooms', 1826.2353004447696)","('AmericanIndian_AlaskaNative_Alone', 155.55270003251985)","('6_Rooms', -2145.2978190259664)","('R_DOMESTIC_MIG_2018', 313037711509094.56)","('Poverty_5_17', -3672301741004001.5)","('PCT_College_Associate', 6701704287739784.0)","('DEATHS_2018', -1549.112596133929)","('Black_Alone', -21168.67185097676)","('PCT_Less_HS', 78662896548178.52)","('White_Alone', 40276.80016220802)","('PCT_Asian_Alone', 82.49468204427684)","('White_Alone', 90055.61694341026)","('CENSUS_2010_POP', 46886.422863575135)","('Bachelors', -3190.635067238397)","('Not_Hispanic_White_Alone', 104856.39629103817)","('PCT_Unemployed', -753.4127947495183)","('PCT_Hispanic_Latino_Origin', 342.7375814849155)","('Day', 22.13718971027235)","('Poverty_Total', -1969.198309387973)","('Population_45_49', -5849.266143605108)","('Population_0_18', 27621.068871143212)","('Population_35_39', 613.3198910218091)","('Bachelors', 376563272661.9048)","('POP_ESTIMATE_2018', 17813.33755953518)","('Asian_Alone', 41.64461669896301)","('Asian_Alone', 1941.0631902917926)","('PCT_Unemployed', 17.673441131898585)","('PCT_HS_only', 896.3797692534617)","('1_Room', 123.996033017706)","('Population_80_84', -607889786607651.1)","('Not_Hispanic_White_Alone', -11323.390371231188)","('Population_60_64', 33682.888908317655)","('Poverty_5_17', 1664.1116831518182)","('Hispanic_Latino_Origin', 88.8116790945837)","('Hispanic_Latino_Origin', 2096.8473273325217)","('CENSUS_2010_POP', -1.2445840416671116e+16)","('2_Rooms', -201.76463256867507)","('INTERNATIONAL_MIG_2018', 124.58642658526406)","('White_Alone', -86486.27893141465)","('Hispanic_Latino_Origin', 40243.71577888641)","('PCT_Population_10_14', -84.5061596572058)","('Population_35_39', 12899.861913808634)","('R_INTERNATIONAL_MIG_2018', 7.647621821308747)","('Hispanic_Latino_Origin', 405.99380374116436)","('College_Associate', 1320.3267044591091)","('Poverty_Total', -98107157087404.97)","('AmericanIndian_AlaskaNative_Alone', 15.501645336816138)"
TOP CASES WEIGHT #3,"('7_Rooms', -580.4467970483631)","('Population_85+', -1592.0897108361924)","('PCT_Not_Hispanic_White_Alone', 105.53985077423206)","('Asian_Alone', -2011.642989053547)","('Total_Units', -304528486674923.4)","('Asian_Alone', 3552899235944484.0)","('DEATHS_2018', 5537575669975633.0)","('Asian_Alone', -1534.4051000553632)","('White_Alone', -14465.756825707886)","('NET_MIG_2018', 35621236662562.77)","('CENSUS_2010_POP', 8683.306090409129)","('PCT_Population_0_5', -74.38326457206661)","('Black_Alone', 77766.59007697242)","('Not_Hispanic_White_Alone', 40662.957197810436)","('Population_5_9', -2969.172349769978)","('Black_Alone', 27598.50835893703)","('Day', 701.231039441663)","('Black_Alone', 248.48801722999812)","('Black_Alone', 18.400875771219503)","('R_DOMESTIC_MIG_2018', -1890.2275382980756)","('BIRTHS_2018', 4650.917977796787)","('Not_Hispanic_White_Alone', 20115.39709320161)","('Population_5_9', -557.2849861315177)","('PCT_Poverty_Total', -314831330182.91876)","('White_Alone', 17678.659501812203)","('1_Room', 36.34353541645923)","('2+_Races', -1789.8558465030924)","('Hispanic_Latino_Origin', 17.570875313198588)","('Hispanic_Latino_Origin', 636.9050690313206)","('GQ_ESTIMATES_2018', -84.1831305669792)","('Employed', 553710498551724.8)","('PCT_White_Alone', -10045.462104368742)","('BIRTHS_2018', -25557.343453763613)","('Unemployed', -1564.304046982861)","('Asian_Alone', -59.434779844518765)","('6_Rooms', 1858.7161341426247)","('DEATHS_2018', 6818843026119690.0)","('PCT_Population_70_74', 180.0830814288251)","('Population_60_64', 118.0550859247412)","('Population_0_18', 61397.522667988305)","('Not_Hispanic_White_Alone', 35201.53263024401)","('INTERNATIONAL_MIG_2018', 66.01807615202794)","('Population_40_44', -12843.137620265814)","('PacificIslander_Alone', 7.335910746950569)","('PCT_Asian_Alone', 260.26456112383096)","('Population_60_64', 1110.4567996782162)","('Not_Hispanic_White_Alone', 87424839646822.33)","('Black_Alone', 10.623618194483054)"
TOP CASES WEIGHT #4,"('Population_75_79', -401.154479804156)","('Total_Units', 1520.3306369120714)","('PCT_PacificIslander_Alone', -96.84959044655461)","('Population_70_74', 1992.897530485504)","('POP_ESTIMATE_2018', -302897370585277.9)","('Population_60_64', -3502682510520290.0)","('3_Rooms', -5130312590030592.0)","('5_Rooms', -1290.4949487583601)","('Population_0_18', 13843.386629340543)","('Bachelors', 25215002488995.438)","('Median_Household_Income', -4799.124633775742)","('9+_Rooms', -73.13101097984041)","('POP_ESTIMATE_2018', 64779.08366092499)","('White_Alone', -37116.62723924077)","('Population_40_44', 2480.856018667406)","('POP_ESTIMATE_2018', 10091.687908658192)","('PCT_2+_Races', 692.1862805849954)","('Hispanic_Latino_Origin', 215.64820669863093)","('Asian_Alone', 17.77484304755312)","('Bachelors', -1821.5533882904292)","('Total_Units', -4545.957319469702)","('Population_0_5', -11012.164513357551)","('6_Rooms', -537.0079419718637)","('Population_20_24', -299281966408.4389)","('Not_Hispanic_White_Alone', -11231.915990668102)","('2_Rooms', 36.307115843762276)","('4_Rooms', 1211.6520182663876)","('GQ_ESTIMATES_2018', -17.021140490483287)","('Median_Rooms', -582.4818245145736)","('PCT_Hispanic_Latino_Origin', -60.85411603161519)","('POP_ESTIMATE_2018', -363321746607218.8)","('6_Rooms', -9487.07638549919)","('Not_Hispanic_White_Alone', -25119.645479199946)","('BIRTHS_2018', -1512.067365031993)","('AmericanIndian_AlaskaNative_Alone', 53.93096132719511)","('Asian_Alone', 1760.1767859260524)","('PCT_Less_HS', 5790079876824710.0)","('9+_Rooms', -177.97670579989662)","('2_Rooms', -105.87628877355652)","('Not_Hispanic_White_Alone', 55483.10319684819)","('Black_Alone', 20653.936102286683)","('PacificIslander_Alone', 62.274361632197106)","('Population_50_54', 10846.838800568814)","('PCT_PacificIslander_Alone', 6.71850381389498)","('PCT_PacificIslander_Alone', -245.98988418992886)","('Poverty_Total', -1054.7841938254476)","('Median_Household_Income', 83921601260505.12)","('PCT_White_Alone', -9.236302280079093)"
TOP CASES WEIGHT #5,"('Asian_Alone', 401.1477524719473)","('7_Rooms', -1501.2161804175064)","('PCT_Poverty_5_17', 94.6218366409233)","('2+_Races', -1949.5636776440601)","('CENSUS_2010_POP', -298315655090197.0)","('Total_Labor_Force', -3298557751725747.5)","('2+_Races', 4700881411988654.0)","('Bachelors', 1204.4972807555832)","('Median_Household_Income_County_to_State_Ratio', 11557.503713737673)","('PCT_Population_65_69', 25136561374266.78)","('Median_Household_Income_County_to_State_Ratio', 4793.2778790718685)","('R_BIRTHS_2018', 63.138506906221735)","('Not_Hispanic_White_Alone', 62437.68798628799)","('Population_10_14', -35835.51695966665)","('Population_65_69', -2029.5513756978876)","('Hispanic_Latino_Origin', 5581.941894099949)","('PCT_Population_45_49', 592.3739984574049)","('Less_HS', 168.83752828181753)","('PCT_College_Associate', -16.971419142640183)","('R_NET_MIG_2018', 1758.5278958076374)","('Population_15_19', -4325.917245886502)","('White_Alone', 10938.636811033544)","('Population_70_74', 494.9425340529707)","('Population_10_14', -273289548310.27118)","('CENSUS_2010_POP', -10013.121325701193)","('PCT_Population_80_84', 23.22217200021397)","('Population_75_79', -1134.9874065137824)","('R_INTERNATIONAL_MIG_2018', -16.988835209077592)","('AmericanIndian_AlaskaNative_Alone', 537.9457925892008)","('PCT_Population_45_49', 48.610933199847175)","('9+_Rooms', 333190347194380.25)","('Black_Alone', -9413.70295691455)","('White_Alone', -25045.870650017398)","('Population_70_74', -1285.646009452923)","('PCT_Population_30_34', -49.0153543085454)","('AmericanIndian_AlaskaNative_Alone', -1604.2873370978796)","('Less_HS', 5227988433209312.0)","('PCT_Population_75_79', 169.3962246002459)","('Bachelors', 96.60183847003057)","('Bachelors', 38561.31281397199)","('POP_ESTIMATE_2018', 15194.610868440284)","('R_DEATHS_2018', 59.53159785861756)","('R_DOMESTIC_MIG_2018', 10819.964336941792)","('PCT_College_Associate', 6.478292310955114)","('HS_only', 236.0713561644734)","('HS_only', -992.1827438221156)","('R_NET_MIG_2018', 82026491175739.12)","('1_Room', 8.687072271668447)"
TOP CASES WEIGHT #6,"('College_Associate', -393.9940789848838)","('Population_50_54', 1249.1237491954803)","('Land_Area', 94.50273782802648)","('7_Rooms', -1946.9578572698997)","('Population_0_5', 293158062571478.56)","('DEATHS_2018', 3041046900069662.5)","('NET_MIG_2018', 4350992509362969.5)","('2_Rooms', -1087.5931242802683)","('Median_Household_Income', -11544.45191664703)","('DOMESTIC_MIG_2018', 23470719104486.152)","('Population_0_5', 3815.417824646858)","('R_INTERNATIONAL_MIG_2018', 59.08200790421817)","('Population_45_49', 52548.63409525567)","('Total_Units', 35315.24560225633)","('Population_70_74', 1991.5372656397765)","('White_Alone', -4823.995533351648)","('PCT_HS_only', 581.8671201498455)","('Not_Hispanic_White_Alone', -164.69726012547682)","('Poverty_5_17', -14.88603994542362)","('Total_Units', -1743.6738085490883)","('Population_40_44', 4015.5075702047893)","('Black_Alone', 9466.54646482102)","('HS_only', -476.61136798397206)","('Population_35_39', 271530170132.14902)","('Median_Household_Income', -7935.602380457707)","('2+_Races', -22.969951831820236)","('Population_70_74', 1082.9272987710333)","('PCT_Hispanic_Latino_Origin', 15.3976558094896)","('PCT_Population_85+', 525.5061820127689)","('PCT_Population_30_34', -48.33060534749132)","('Not_Hispanic_White_Alone', 308852500551222.8)","('3_Rooms', -9005.395867977722)","('CENSUS_2010_POP', -24861.97317604153)","('Population_20_24', 1217.2777101694337)","('BIRTHS_2018', 47.57599487223299)","('Unemployed', 1552.9089163468263)","('PCT_2+_Races', -3945583506077585.0)","('PCT_2+_Races', -167.02977002763035)","('7_Rooms', 96.47595709589827)","('BIRTHS_2018', -30922.565648519667)","('White_Alone', 13001.71855408048)","('Day', 58.54424765442188)","('R_NET_MIG_2018', -10624.289844427925)","('PCT_Population_30_34', -6.056138904619922)","('R_BIRTHS_2018', 224.44294866009935)","('2+_Races', 978.4056846589534)","('Population_0_18', -80827429226292.38)","('R_DEATHS_2018', 7.592154089454279)"
TOP CASES WEIGHT #7,"('Population_55_59', 376.0782463265827)","('Less_HS', -1179.3377089517285)","('PCT_2+_Races', 94.25398764195249)","('Population_60_64', -1750.2018895684992)","('R_NET_MIG_2018', -281774908444737.0)","('Population_65_69', 2905943469765981.0)","('Less_HS', -4073897380827492.0)","('Less_HS', 894.2489273643857)","('Not_Hispanic_White_Alone', -11148.377735042484)","('PCT_Population_55_59', 21134638735568.316)","('Population_50_54', -3778.579215484447)","('1_Room', 57.73480883143473)","('Hispanic_Latino_Origin', 51665.24835990145)","('Population_5_9', 34557.03504466217)","('Population_25_29', -1896.405308433451)","('Bachelors', -3920.493594497672)","('PCT_Asian_Alone', -570.1048805313293)","('GQ_ESTIMATES_2018', 158.1144556952504)","('PCT_Population_10_14', 14.521495416462352)","('Population_75_79', 1655.4006820139957)","('Poverty_0_17', -3681.0377072907763)","('Population_10_14', -6056.086748193626)","('Poverty_Total', 392.56335353039856)","('PCT_AmericanIndian_AlaskaNative_Alone', 262478443898.15994)","('Median_Household_Income_County_to_State_Ratio', 7849.026944283923)","('Population_20_24', 20.07410028807455)","('Population_40_44', -1037.6542262684852)","('Unemployed', 14.211102527048917)","('8_Rooms', -493.0769263955764)","('Poverty_0_17', 45.28192233948516)","('Total_Labor_Force', -252067936732636.22)","('HS_only', 8964.522678263056)","('Poverty_0_17', 24048.187630273525)","('Total_Units', -1026.9998600246843)","('R_BIRTHS_2018', 46.05448988877772)","('HS_only', -1226.661788297402)","('PCT_Poverty_5_17', -3924226142528132.0)","('Less_HS', -157.5126492467458)","('6_Rooms', -95.60842234822069)","('HS_only', 30300.976470331356)","('Population_0_18', 9603.99480075776)","('GQ_ESTIMATES_2018', 55.904884038572334)","('Bachelors', -9467.05226365219)","('NET_MIG_2018', 5.943124354432604)","('PCT_Unemployed', 207.525548884614)","('Total_Units', -963.4871114808519)","('R_DOMESTIC_MIG_2018', -79326594170978.7)","('PCT_Hispanic_Latino_Origin', -6.503921798762937)"
TOP CASES WEIGHT #8,"('Population_50_54', 348.95768540664614)","('Population_25_29', 1125.7634239651657)","('PCT_Population_10_14', 89.3087566864366)","('HS_only', 1694.977686961981)","('6_Rooms', -263614191176446.53)","('Poverty_0_17', -2904999400736083.0)","('College_Associate', 4031791193692545.5)","('Unemployed', -829.9203115452158)","('Population_0_5', -5593.115728820911)","('3_Rooms', -20805494446159.227)","('Population_0_18', -3600.6599789921556)","('PCT_Population_80_84', -57.62472434601596)","('Population_0_18', -40281.83383197086)","('Population_30_34', -29562.14594367305)","('Population_35_39', 1861.7100978135077)","('Asian_Alone', 3891.714723820024)","('3_Rooms', 485.58068933671586)","('PCT_Population_25_29', -149.93831901510782)","('Poverty_0_17', -14.086797348118331)","('Employed', 1560.2368692258542)","('Less_HS', 3494.631091659135)","('Population_5_9', -5531.576991115862)","('Bachelors', 378.7742861553881)","('PCT_Population_25_29', -259697693557.75247)","('Population_0_5', -7449.3206682318305)","('NET_MIG_2018', 17.99062288613471)","('Population_25_29', -1036.4293347798068)","('5_Rooms', 14.114191449261494)","('Day', 474.80454059191294)","('PCT_AmericanIndian_AlaskaNative_Alone', 44.29089967185853)","('Hispanic_Latino_Origin', -236164935415073.38)","('BIRTHS_2018', 7454.5651285339645)","('R_NET_MIG_2018', -20923.770285461138)","('2+_Races', -901.3438086220593)","('Less_HS', 45.96033512071191)","('Less_HS', 1209.5771930513458)","('Median_Household_Income_County_to_State_Ratio', -3649120978819283.0)","('2+_Races', -156.5733325017296)","('Population_65_69', 76.09302623227802)","('Population_50_54', -24789.12966185413)","('Median_Household_Income_County_to_State_Ratio', -7612.142623223495)","('PCT_Population_5_9', 55.61502870216961)","('PCT_Bachelors', 9436.044420762466)","('INTERNATIONAL_MIG_2018', 5.891571101509143)","('Less_HS', 199.44548535719125)","('Bachelors', -844.0540409392936)","('HS_only', -75894406844544.83)","('PCT_Black_Alone', 6.471313373920468)"
TOP CASES WEIGHT #9,"('PCT_White_Alone', -347.2132457529092)","('Hispanic_Latino_Origin', 1079.0496820092578)","('PCT_Population_45_49', 86.47955951104368)","('Population_55_59', -1627.4999813762975)","('Unemployed', 256498765859259.4)","('Population_35_39', -2815153959170007.0)","('6_Rooms', -3666741336854242.5)","('Population_60_64', 828.3159330515432)","('Population_10_14', -5505.8241103692735)","('PCT_PacificIslander_Alone', 20257466321158.727)","('Population_10_14', 3541.3704131111535)","('6_Rooms', 53.50879845415102)","('Population_35_39', 34592.18627860162)","('Population_65_69', -27187.763593230462)","('Population_60_64', -1833.1630788446741)","('2+_Races', 3698.3003207767965)","('PCT_College_Associate', -412.8565729517636)","('R_BIRTHS_2018', 143.07891860005174)","('Bachelors', 13.707435021919071)","('Total_Labor_Force', 1472.7262734582255)","('Population_55_59', -3448.335218590629)","('Population_15_19', -5333.854788691784)","('Less_HS', -358.21078892018494)","('8_Rooms', -257461207019.64667)","('PCT_Bachelors', 6036.423397724414)","('Population_70_74', -17.93391210568885)","('Bachelors', -1010.950439293476)","('2_Rooms', 14.03146905965368)","('Land_Area', -464.0574680820245)","('Poverty_5_17', 43.711269549611046)","('Population_60_64', -234569297485253.38)","('Employed', 7014.369820031021)","('2+_Races', -20625.9736984284)","('Population_55_59', -819.722689036791)","('Black_Alone', 45.586948705824284)","('PCT_Population_0_18', -1164.6954837387436)","('Total_Labor_Force', 3509842010673854.0)","('PCT_Population_65_69', -155.1206038266373)","('9+_Rooms', 75.38593619062696)","('Population_70_74', -23735.18505737632)","('Median_Household_Income', 7584.31947359103)","('AmericanIndian_AlaskaNative_Alone', 54.42564328108611)","('Total_Units', 8515.480881095396)","('PCT_Population_5_9', -5.577544848338844)","('Asian_Alone', 192.339243948618)","('Black_Alone', -808.5269922237424)","('PCT_Population_20_24', -71303637351598.06)","('4_Rooms', -6.461802263263624)"
TOP CASES WEIGHT #10,"('Population_60_64', 330.92373256199863)","('3_Rooms', -969.5221733665743)","('PCT_Population_25_29', -84.59682118386544)","('PacificIslander_Alone', 1617.4909026667524)","('PCT_Bachelors', -254052791662837.97)","('PCT_Population_45_49', -2492794125299800.5)","('Not_Hispanic_White_Alone', 3318011829645421.0)","('PacificIslander_Alone', 824.6815109648334)","('R_DOMESTIC_MIG_2018', -4713.432974442929)","('2_Rooms', 17841866335928.63)","('College_Associate', 2926.725566345769)","('Hispanic_Latino_Origin', 50.98202467724944)","('Population_10_14', -30879.508710331043)","('Population_40_44', -25311.832991142346)","('College_Associate', -1809.081951604231)","('R_NET_MIG_2018', -3318.9900178884855)","('1_Room', 404.3077525272333)","('Population_85+', -139.83733402493357)","('PCT_PacificIslander_Alone', 12.910490414635063)","('Population_70_74', -1450.9796961016812)","('Poverty_5_17', 3243.1934119709026)","('Median_Household_Income_County_to_State_Ratio', 4005.7542451941745)","('PCT_White_Alone', -324.08051052375276)","('PCT_Population_0_5', 250068890071.65323)","('Poverty_0_17', 5486.218881258474)","('8_Rooms', 16.468482164794732)","('Population_30_34', 1010.0366140437484)","('Asian_Alone', 13.83885547713273)","('PCT_Poverty_Total', -463.6891693151843)","('PCT_Population_40_44', -41.25759378250599)","('CENSUS_2010_POP', 225913262400079.3)","('PCT_Not_Hispanic_White_Alone', 6993.250642168265)","('R_DOMESTIC_MIG_2018', 20408.05869699837)","('Employed', 809.5333640263923)","('9+_Rooms', 44.53403346391437)","('Population_20_24', -1159.550693284537)","('White_Alone', 3505599001231658.5)","('PCT_Poverty_0_17', 142.10431058263117)","('Poverty_5_17', -68.96304650346404)","('Poverty_5_17', 22172.5125472457)","('Population_50_54', 7006.4716925531375)","('PCT_2+_Races', -52.91603087088901)","('Population_55_59', -7957.116132781809)","('PCT_Population_25_29', 5.444037677557995)","('PCT_Population_30_34', -184.77277415803658)","('Hispanic_Latino_Origin', 806.8459791574652)","('Unemployed', 69101643012103.625)","('PCT_Asian_Alone', -6.210319321468813)"
TOP DEATHS WEIGHT #1,"('DEATHS_2018', 107.98342056841173)","('Total_Units', 47.37627153824985)","('AmericanIndian_AlaskaNative_Alone', 11.727888249372327)","('Asian_Alone', -136.07727416392186)","('DEATHS_2018', 20077253067790.242)","('Population_80_84', 527063776437247.75)","('PCT_College_Associate', 229694905889873.5)","('5_Rooms', -234.19284409805397)","('CENSUS_2010_POP', 1808.209676272787)","('PCT_HS_only', 0.23114836676056977)","('CENSUS_2010_POP', 1705.034973036323)","('R_BIRTHS_2018', 4.661503830843467)","('CENSUS_2010_POP', -28179.101712340867)","('POP_ESTIMATE_2018', -3311.8821035631863)","('Population_65_69', 66.29740094523902)","('Not_Hispanic_White_Alone', -1178.8186141594579)","('Day', 66.48587706479157)","('Day', 16.047933176392633)","('R_INTERNATIONAL_MIG_2018', 1.8012227965658565)","('Population_35_39', 538.287707927084)","('2+_Races', 217.63765643388268)","('CENSUS_2010_POP', 1370.7232820450809)","('Population_5_9', -106.10707169808803)","('HS_only', -32214350050.500244)","('Population_0_18', 2453.234930156428)","('INTERNATIONAL_MIG_2018', 2.6568520865844585)","('PCT_Bachelors', -58.189865337924246)","('Day', 4.003564092475965)","('PCT_HS_only', 84.92189572463258)","('AmericanIndian_AlaskaNative_Alone', 12.90949988685387)","('Population_15_19', -33731964428883.39)","('Asian_Alone', 1080.1981778018223)","('Population_40_44', -1423.0024688489223)","('Poverty_Total', -147.74458157414387)","('PacificIslander_Alone', 4.89991000195494)","('Hispanic_Latino_Origin', 240.61948563655397)","('HS_only', -865977519659312.4)","('2_Rooms', -15.969987919356067)","('Black_Alone', 3.1067118964466784)","('White_Alone', 825.592529229909)","('CENSUS_2010_POP', -2582.6346459518813)","('PCT_Black_Alone', -1.4228795087786559)","('Population_65_69', 413.4057028552355)","('NET_MIG_2018', 0.701543798420697)","('PCT_PacificIslander_Alone', -19.675092273496936)","('BIRTHS_2018', 31.673728882248287)","('Less_HS', 7006623497786.913)","('PCT_AmericanIndian_AlaskaNative_Alone', 0.32472130892093154)"
TOP DEATHS WEIGHT #2,"('4_Rooms', 80.56580579084947)","('Population_25_29', 35.37649216344097)","('Day', 11.214352513055864)","('Population_75_79', 136.0157386522219)","('R_DOMESTIC_MIG_2018', 18110951536989.043)","('Poverty_5_17', -512015389810653.1)","('PCT_HS_only', 206215642850329.0)","('DEATHS_2018', -212.3162603398889)","('Population_0_18', 1106.5683810620178)","('PCT_Less_HS', 0.23049791190498994)","('Not_Hispanic_White_Alone', -1650.6747346994441)","('PCT_Population_30_34', 4.258225801771699)","('Not_Hispanic_White_Alone', 9768.871663035343)","('Total_Units', 2247.5651064950594)","('Population_80_84', 61.746730567989125)","('CENSUS_2010_POP', 1157.161542894976)","('Land_Area', -36.72055892346667)","('PCT_Population_25_29', -14.160219046259396)","('PCT_PacificIslander_Alone', 1.5626444246874058)","('Population_15_19', 393.12265550669684)","('Population_35_39', 195.14846513535562)","('Not_Hispanic_White_Alone', -1332.3837641507705)","('Unemployed', 104.25559498887984)","('Bachelors', -30331476552.721573)","('CENSUS_2010_POP', -1819.4143598039614)","('2_Rooms', 1.6662314319656064)","('Less_HS', 56.70019400758455)","('R_INTERNATIONAL_MIG_2018', -1.3111367253689394)","('Median_Rooms', -83.6481142948731)","('INTERNATIONAL_MIG_2018', -4.667503509619687)","('Population_80_84', -30517480646392.113)","('7_Rooms', 698.5752605103077)","('Population_35_39', 938.2820061360807)","('BIRTHS_2018', -132.80777555272817)","('PCT_Poverty_0_17', -4.8623732590407025)","('Asian_Alone', 223.40673296528183)","('CENSUS_2010_POP', -675496157347301.4)","('9+_Rooms', -14.140287804095706)","('6_Rooms', -2.3650544023602103)","('POP_ESTIMATE_2018', 818.771252826126)","('Hispanic_Latino_Origin', 835.9788533460907)","('INTERNATIONAL_MIG_2018', 1.2972515584109774)","('PCT_Bachelors', -398.33510952653614)","('R_INTERNATIONAL_MIG_2018', 0.6547012310901489)","('Population_20_24', 14.0428646772462)","('Hispanic_Latino_Origin', 24.273754292378918)","('Poverty_Total', -5260742762573.629)","('AmericanIndian_AlaskaNative_Alone', 0.31209798297893765)"
TOP DEATHS WEIGHT #3,"('Population_55_59', 76.96896439646673)","('Population_85+', -32.45226987602698)","('PCT_Poverty_5_17', 9.237128167939794)","('Hispanic_Latino_Origin', 113.27269249030097)","('Total_Units', -17618646128039.504)","('Asian_Alone', 495367542088945.94)","('DEATHS_2018', 202860450407562.62)","('Asian_Alone', -184.69010486476816)","('White_Alone', -824.8245263772181)","('PCT_Population_30_34', 0.22122908701459948)","('Population_0_18', 1133.7748849525724)","('PCT_Population_70_74', -4.076369775352367)","('Black_Alone', 6538.194029867838)","('Population_40_44', -2212.2586879271526)","('Population_60_64', -59.05462389430145)","('POP_ESTIMATE_2018', 317.4852933651755)","('PCT_Population_10_14', 25.163104176024095)","('PCT_Asian_Alone', -13.295008032527969)","('R_BIRTHS_2018', -1.4741127015649114)","('Population_25_29', -362.28723429042503)","('Population_10_14', -169.07019824396212)","('Population_0_18', -478.48217253674943)","('Population_45_49', -75.33478239321498)","('PCT_Poverty_Total', 25359082531.357464)","('White_Alone', 1692.16529467917)","('Asian_Alone', 1.4896981021733724)","('Population_25_29', 56.45836554107979)","('PCT_Unemployed', 1.2407853077429927)","('1_Room', 76.00114871777555)","('GQ_ESTIMATES_2018', -4.6014490939386405)","('Employed', 27797554417808.938)","('Not_Hispanic_White_Alone', -681.2920467063419)","('Population_70_74', -847.9078882487228)","('Poverty_5_17', 89.82214170739351)","('Asian_Alone', -3.9819844811539253)","('AmericanIndian_AlaskaNative_Alone', -214.07278246745977)","('DEATHS_2018', 453442157934134.3)","('PacificIslander_Alone', 12.500020790824491)","('INTERNATIONAL_MIG_2018', 2.255990630559348)","('Not_Hispanic_White_Alone', -612.5564103282943)","('Not_Hispanic_White_Alone', 716.0291259141031)","('DOMESTIC_MIG_2018', -1.1213599185076526)","('Population_5_9', -354.67628632867024)","('INTERNATIONAL_MIG_2018', 0.6470918108656463)","('PCT_Population_60_64', -12.998853261360269)","('PCT_Poverty_0_17', -19.04940185661224)","('Not_Hispanic_White_Alone', 4687931095910.06)","('1_Room', 0.2875698520995239)"
TOP DEATHS WEIGHT #4,"('INTERNATIONAL_MIG_2018', 69.59786714283851)","('Less_HS', -30.647163932496465)","('PCT_Not_Hispanic_White_Alone', 9.209757534980033)","('Population_55_59', -110.62913658659778)","('POP_ESTIMATE_2018', -17524277100382.236)","('Population_60_64', -488366010609107.3)","('NET_MIG_2018', 178887769606686.53)","('Bachelors', 172.85909713820726)","('Black_Alone', -699.2265603034612)","('Less_HS', 0.20213801334656162)","('White_Alone', 801.565570436229)","('PCT_Population_0_5', -3.43354628459184)","('POP_ESTIMATE_2018', 6103.996940033987)","('Population_35_39', 2135.27571950758)","('Population_35_39', 56.563648386001354)","('Black_Alone', -268.9321669284417)","('PCT_Population_0_18', 22.693898071916276)","('Hispanic_Latino_Origin', 12.926859030330451)","('INTERNATIONAL_MIG_2018', 1.3358147845263066)","('Population_75_79', 350.4782499686633)","('Population_50_54', -162.329394014022)","('Median_Household_Income', 462.04349306736407)","('Population_35_39', 73.06159721547685)","('Population_20_24', 24106609979.591743)","('Population_40_44', 1173.6381995509282)","('1_Room', 1.3502401762976148)","('Population_85+', 54.49529561523927)","('PCT_College_Associate', -1.0528041340407388)","('Water_Area', -65.84670643285766)","('PCT_Population_45_49', 3.5589396891367855)","('POP_ESTIMATE_2018', -18239596411668.797)","('Hispanic_Latino_Origin', 647.0517570131908)","('Population_50_54', 828.3514075002407)","('Population_70_74', -77.91596506942784)","('R_BIRTHS_2018', 3.913859338353982)","('HS_only', -185.9663457553037)","('PCT_Less_HS', 419315393488045.9)","('PCT_2+_Races', -11.028902673784378)","('8_Rooms', -1.9152319495711214)","('Population_0_18', -588.9055400048131)","('Black_Alone', 407.6822634141419)","('PacificIslander_Alone', 0.9768098054196916)","('Population_10_14', 334.94557525981287)","('PacificIslander_Alone', 0.5528557996362748)","('Hispanic_Latino_Origin', 12.484106175321426)","('Employed', 16.41481146198396)","('Median_Household_Income', 4500078990788.9795)","('4_Rooms', -0.22932052586634694)"
TOP DEATHS WEIGHT #5,"('PCT_White_Alone', -51.49760471705539)","('7_Rooms', -30.370302299965946)","('PCT_College_Associate', -8.88324156237408)","('Bachelors', -108.84876360777629)","('CENSUS_2010_POP', -17259199685624.568)","('Total_Labor_Force', -459905653776987.6)","('3_Rooms', -171335955494508.84)","('PCT_Population_0_18', 168.33873239199625)","('Population_10_14', -606.9775962398609)","('HS_only', 0.1845748600858285)","('POP_ESTIMATE_2018', -542.1386456526334)","('GQ_ESTIMATES_2018', 3.3148075114768183)","('Population_0_18', 5968.034346182455)","('CENSUS_2010_POP', 1961.5588121704407)","('Bachelors', 56.367972822926454)","('Population_55_59', 260.12698690073245)","('PCT_Unemployed', -21.540685257385846)","('R_BIRTHS_2018', 12.228293915999227)","('PCT_Population_55_59', 1.0724716944702415)","('Total_Units', -327.36467710497305)","('Less_HS', 132.00638665759928)","('Median_Household_Income_County_to_State_Ratio', -461.1955459468372)","('Population_65_69', 63.144170673921316)","('Population_10_14', 22012968678.8438)","('Not_Hispanic_White_Alone', -1062.0468258790872)","('2+_Races', -1.0766821765040389)","('Hispanic_Latino_Origin', -53.9150050368396)","('GQ_ESTIMATES_2018', -1.0083013387232063)","('8_Rooms', -63.38338423440503)","('PCT_Hispanic_Latino_Origin', -3.4608933983630834)","('9+_Rooms', 16726930104900.744)","('HS_only', 572.1577366683969)","('DEATHS_2018', 773.132059035451)","('HS_only', 67.1488932978743)","('Black_Alone', 3.5634862315188514)","('Less_HS', 176.73544659668926)","('Less_HS', 277793128663356.72)","('PCT_Population_70_74', 9.558858994384478)","('Less_HS', 1.7387719214164454)","('Population_10_14', 473.6899251154808)","('Population_0_18', -356.16557237045674)","('R_INTERNATIONAL_MIG_2018', 0.9067861985134672)","('Population_45_49', -284.5365098214389)","('PCT_Population_5_9', -0.5443432399917992)","('DOMESTIC_MIG_2018', -12.408701058895856)","('Asian_Alone', -15.843435514736365)","('R_NET_MIG_2018', 4398458609984.871)","('PCT_White_Alone', -0.20311993966979408)"
TOP DEATHS WEIGHT #6,"('5_Rooms', 49.47895216404214)","('Population_50_54', 29.649172026369115)","('PCT_PacificIslander_Alone', -7.609198445204955)","('3_Rooms', 107.15066071528017)","('Population_0_5', 16960804620998.443)","('DEATHS_2018', 424001872336871.0)","('POP_ESTIMATE_2018', -160991298490535.53)","('Population_60_64', 161.33857677732337)","('Median_Household_Income_County_to_State_Ratio', 558.6237879076212)","('Median_Rooms', -0.17909651950948993)","('Population_5_9', -514.5905122367625)","('PCT_Population_75_79', 2.9473535669186406)","('Hispanic_Latino_Origin', 4886.29335423912)","('Population_10_14', -1870.3657018567899)","('Population_30_34', -56.10169619006422)","('White_Alone', 194.77112121812368)","('9+_Rooms', 19.839526185320732)","('PCT_Hispanic_Latino_Origin', 11.099930655184291)","('PCT_HS_only', -0.9465195207980774)","('Population_45_49', -296.7467235714928)","('Population_0_5', -127.98740986244093)","('White_Alone', 360.4110365798873)","('POP_ESTIMATE_2018', -61.29692596922362)","('Population_35_39', -21871254013.802433)","('Population_0_5', -890.4183109760831)","('AmericanIndian_AlaskaNative_Alone', -0.9039543877577693)","('Employed', -53.17808928850659)","('PCT_Population_0_5', 0.9133941063413233)","('GQ_ESTIMATES_2018', 63.013816750070475)","('Hispanic_Latino_Origin', -3.1457868958580333)","('Not_Hispanic_White_Alone', 15505113617322.6)","('NET_MIG_2018', -549.7405160343321)","('Population_85+', -666.7114300379487)","('Unemployed', -64.92267060960907)","('PCT_Poverty_Total', 3.3381504073554042)","('6_Rooms', 168.60879270722012)","('PCT_Poverty_5_17', -238925680216310.38)","('PCT_Population_65_69', -8.483457758914312)","('2_Rooms', -1.7227277797991882)","('BIRTHS_2018', 361.6128324237032)","('Population_10_14', 243.54573042852954)","('AmericanIndian_AlaskaNative_Alone', 0.8899134095448151)","('Population_80_84', 281.7095516557653)","('PCT_Population_55_59', -0.5367532764423868)","('R_BIRTHS_2018', 12.36542959005416)","('Total_Labor_Force', 15.83013690219319)","('Population_0_18', -4334162011658.096)","('Water_Area', -0.2008397230939775)"
TOP DEATHS WEIGHT #7,"('Population_85+', -49.45236686450189)","('6_Rooms', -28.518688174043)","('PCT_AmericanIndian_AlaskaNative_Alone', -7.589061693833166)","('Population_60_64', -95.78173040064559)","('R_NET_MIG_2018', -16302226612194.41)","('Population_65_69', 405164902934457.4)","('2+_Races', 157859153068549.75)","('Population_70_74', -144.95182479763136)","('Median_Household_Income', -558.5637704515291)","('PCT_Population_5_9', 0.17595172238971815)","('Population_15_19', -361.65349240364134)","('9+_Rooms', -2.7449918198432424)","('Population_10_14', -4582.5515196235565)","('Not_Hispanic_White_Alone', 1533.1971221060521)","('Population_5_9', 55.32120667917443)","('Population_0_18', -190.45431303878536)","('Bachelors', 19.463947233993416)","('PCT_Population_15_19', 11.075822887729545)","('R_DOMESTIC_MIG_2018', -0.9214908399865788)","('Poverty_5_17', -252.1555211723267)","('Population_40_44', 121.80246622776605)","('POP_ESTIMATE_2018', -340.71376240308615)","('Population_15_19', 53.7608302721084)","('PCT_AmericanIndian_AlaskaNative_Alone', -21142154173.677597)","('POP_ESTIMATE_2018', 886.7699670329554)","('NET_MIG_2018', 0.847634470258072)","('DEATHS_2018', 52.11105239568152)","('PCT_Poverty_Total', 0.8882535943079902)","('NET_MIG_2018', 60.28585225581146)","('PCT_White_Alone', 3.1319715740812275)","('Total_Labor_Force', -12654396488123.69)","('6_Rooms', -426.68706141391976)","('Population_55_59', 630.7929151692006)","('Population_50_54', 62.13541357915343)","('1_Room', 2.82335446047034)","('Population_15_19', 166.157322906315)","('POP_ESTIMATE_2018', -238884033032635.22)","('GQ_ESTIMATES_2018', 8.176537075084017)","('Population_60_64', 1.6980560356878724)","('Poverty_0_17', -349.559790474194)","('Population_40_44', 213.20954197378447)","('Less_HS', 0.8380927976538125)","('Population_55_59', -268.4612997761852)","('Black_Alone', 0.518919358653559)","('PCT_Population_70_74', 11.42803446534456)","('Population_35_39', -14.396673997132654)","('R_DOMESTIC_MIG_2018', -4253683610392.3213)","('PCT_PacificIslander_Alone', -0.1848727878670656)"
TOP DEATHS WEIGHT #8,"('Population_50_54', 46.78168383508576)","('Hispanic_Latino_Origin', 26.144175199484984)","('PCT_Asian_Alone', 7.576135395471633)","('2+_Races', 91.91830243661704)","('6_Rooms', -15251529337686.322)","('Poverty_0_17', -405033274896674.06)","('PCT_Bachelors', -156434626499515.06)","('Poverty_Total', -144.15825674693355)","('Population_50_54', -415.9436091930887)","('R_DEATHS_2018', -0.16881608781994872)","('Population_50_54', -283.79273196604424)","('PCT_Population_55_59', 2.594786234730715)","('White_Alone', 2313.1436829229224)","('White_Alone', -1504.6893533396562)","('White_Alone', -48.616979246439264)","('Population_45_49', -131.79096499588545)","('PCT_Population_5_9', 19.46269068119235)","('PCT_Population_0_5', 9.825338275320874)","('PCT_Population_10_14', 0.9163533090685281)","('Poverty_0_17', 247.84259025938997)","('Population_5_9', 120.43289214099138)","('Black_Alone', -290.83703503172353)","('BIRTHS_2018', 49.40579118077178)","('PCT_Population_25_29', 20918169866.187122)","('Population_5_9', -795.1077438005218)","('Hispanic_Latino_Origin', -0.7345543349328639)","('Total_Labor_Force', -51.663285432222075)","('2_Rooms', 0.8836879059577661)","('PCT_Population_25_29', -56.8091527390198)","('PCT_PacificIslander_Alone', 2.928337214255585)","('Hispanic_Latino_Origin', -11856028847112.988)","('3_Rooms', -422.66204882880606)","('Population_5_9', 605.729658538943)","('Black_Alone', 60.70849768701718)","('PCT_Population_65_69', 2.7531445363623663)","('2_Rooms', -157.07828133537058)","('PCT_2+_Races', -232925831520649.34)","('PCT_Population_55_59', 8.111864115942595)","('Population_20_24', -1.4559849796576745)","('Poverty_Total', 344.3409192856698)","('Population_0_5', 205.89343770969538)","('3_Rooms', 0.8237694790777239)","('PCT_HS_only', -222.45950997178255)","('Asian_Alone', 0.5162408945906798)","('R_DEATHS_2018', -11.347964808601738)","('Poverty_Total', -13.963949961425069)","('HS_only', -4069641434739.209)","('Median_Rooms', 0.16643896046656875)"
TOP DEATHS WEIGHT #9,"('Poverty_5_17', -44.79025851046325)","('4_Rooms', -24.94459556238783)","('2_Rooms', 7.415435533578295)","('PCT_Population_0_18', 89.5304868081398)","('Unemployed', 14839862888640.844)","('Population_35_39', -392506458738702.0)","('Poverty_0_17', 124393437149034.33)","('Population_85+', 131.13360964751527)","('Population_40_44', 368.7198461410922)","('Median_Age', -0.15907424901547704)","('Population_55_59', -282.8865613013171)","('PCT_Population_85+', 2.5831797311200004)","('Population_50_54', 1877.1211017780815)","('Population_65_69', -1469.904753265244)","('Poverty_Total', -48.10539333544953)","('Population_5_9', 127.42060253519459)","('DOMESTIC_MIG_2018', -19.394310040430454)","('DOMESTIC_MIG_2018', -7.775206082269455)","('PacificIslander_Alone', 0.8594915244868189)","('Population_30_34', 241.92467241980336)","('Population_65_69', 103.72995705493996)","('Population_10_14', 198.9924583206188)","('Poverty_0_17', 49.20777699937055)","('8_Rooms', 20738025004.09694)","('Population_45_49', -730.9517455085614)","('PCT_Population_50_54', -0.7191892867245465)","('5_Rooms', -51.53066944623248)","('Unemployed', 0.8644506153097337)","('Day', 54.78662555503789)","('1_Room', 2.84005675547287)","('Population_60_64', -11775924113139.023)","('2+_Races', -414.478597320109)","('R_DOMESTIC_MIG_2018', 589.9699257980355)","('DEATHS_2018', 54.072986236810884)","('3_Rooms', -2.402584721386206)","('Poverty_Total', -148.3966119764002)","('White_Alone', 201301228480728.22)","('5_Rooms', 7.664338667207612)","('Population_65_69', 1.386835697603235)","('College_Associate', -291.11975920522843)","('White_Alone', 155.08906001981583)","('Day', 0.7920240082317955)","('Population_70_74', -204.5534723547989)","('Median_Rooms', -0.5144774258701093)","('PCT_Population_80_84', 11.249905374934084)","('5_Rooms', 13.164294322150361)","('PCT_Population_20_24', -3823473284509.896)","('Black_Alone', 0.16318092117083327)"
TOP DEATHS WEIGHT #10,"('PCT_Not_Hispanic_White_Alone', 44.538467259034334)","('BIRTHS_2018', -20.468541668540748)","('PCT_White_Alone', 7.269264969204441)","('Not_Hispanic_White_Alone', -83.24421938609927)","('PCT_Bachelors', -14698349842461.857)","('PCT_Population_45_49', -347561024610728.75)","('PCT_PacificIslander_Alone', 122376843795635.78)","('Unemployed', 115.84156824166864)","('Population_0_5', -355.0882592360421)","('PCT_Population_70_74', -0.15647744212087328)","('Median_Household_Income', -277.73315751215347)","('Population_85+', 2.5724010948148486)","('Population_5_9', -1658.4701644649197)","('Population_60_64', 1198.489253843601)","('DEATHS_2018', 43.99194172293311)","('Population_60_64', -127.25304055544036)","('Median_Household_Income_County_to_State_Ratio', 18.880433653480637)","('PCT_2+_Races', -7.407751873545266)","('R_NET_MIG_2018', -0.7719766229872824)","('Population_80_84', -218.0442395937988)","('8_Rooms', 103.35163667955912)","('Population_0_5', 179.64986479632614)","('Population_85+', 43.37835504648876)","('PCT_Population_0_5', -20142587518.56098)","('Median_Household_Income_County_to_State_Ratio', -612.0162084376085)","('PCT_Population_5_9', 0.7072879878524684)","('Population_55_59', -49.418704246479464)","('Hispanic_Latino_Origin', 0.7645597348194552)","('Bachelors', 52.203062428035715)","('PCT_Poverty_0_17', -2.683654902514121)","('CENSUS_2010_POP', 11341371026369.305)","('Population_75_79', 413.4881049411257)","('R_NET_MIG_2018', -585.8201670043358)","('Population_45_49', -53.959941636614694)","('PCT_Poverty_5_17', -2.2882486961092594)","('Population_70_74', -134.64156895479599)","('PCT_Hispanic_Latino_Origin', 178326946416197.88)","('PCT_Population_35_39', -7.647866801355967)","('Bachelors', 1.372306124606354)","('R_NET_MIG_2018', 275.3237506297499)","('POP_ESTIMATE_2018', 132.05072253240903)","('Hispanic_Latino_Origin', 0.7827194015761818)","('POP_ESTIMATE_2018', -197.0545116130635)","('PCT_Black_Alone', 0.4658626689493754)","('PCT_Population_40_44', 11.091558889894019)","('PCT_Poverty_5_17', 12.845742108432104)","('Unemployed', 3705397028622.3906)","('PCT_Not_Hispanic_White_Alone', -0.15991949004518669)"
Records Used,2010,2207,450,1666,1782,240,90,2010,4766,120,2873,1002,2976,2760,2541,3450,420,690,480,2370,2499,3029,2430,900,2984,1201,2030,300,630,915,375,1740,2640,2166,993,2010,150,1380,1442,2827,6688,746,2760,420,1140,2099,1587,648
Counties Used,67,74,15,58,60,8,3,67,159,4,99,35,101,92,88,118,14,23,16,79,85,107,81,30,100,42,74,10,21,31,14,58,88,74,34,67,5,46,52,95,231,25,92,14,38,72,53,23
